gno,Title,Experience,Education,Location,Due-date
https://www.jobkorea.co.kr/Recruit/GI_Read/34336509?Oem_Code=C1&logpath=1,Computer vision기반 Algorithm설계,경력3년↑,대졸↑,경기 성남시,~06/30(수)
https://www.jobkorea.co.kr/Recruit/GI_Read/34904911?Oem_Code=C1&logpath=1,[월400이상] 데이터복구 / Computer AS 신규인원 긴급채용(신입가능),경력무관,학력무관,경기 부천시 외,~06/01(화)
https://www.jobkorea.co.kr/Recruit/GI_Read/34904324?Oem_Code=C1&logpath=1,[월400이상] 데이터복구 및 COMPUTER A/S 에 관심많은 신입 엔지니어 팀원 모집,경력무관,학력무관,인천 서구 외,~06/01(화)
https://www.jobkorea.co.kr/Recruit/GI_Read/34902866?Oem_Code=C1&logpath=1,[월400이상] 유지보수 및 COMPUTER AS 신입팀원 모집,경력무관,학력무관,서울 서초구 외,~06/01(화)
https://www.jobkorea.co.kr/Recruit/GI_Read/34885377?Oem_Code=C1&logpath=1,"[VNTG] Process Computer 구축 및 운영 담당자 (창원 근무, 신입/경력)",경력무관,학력무관,경남 창원시,~08/26(목)
https://www.jobkorea.co.kr/Recruit/GI_Read/34866554?Oem_Code=C1&logpath=1,[로봇앤컴주식회사] Computer 및 Network Engineer 채용,경력무관,대졸↑,서울 광진구 외,~06/26(토)
https://www.jobkorea.co.kr/Recruit/GI_Read/34836234?Oem_Code=C1&logpath=1,SW Engineer (Computer Vision),경력1년↑,대졸↑,서울 강남구 외,~08/22(일)
https://www.jobkorea.co.kr/Recruit/GI_Read/34815154?Oem_Code=C1&logpath=1,"Computer Vision / Open CV / ML, DL",경력무관,석사↑,서울 성북구,~08/19(목)
https://www.jobkorea.co.kr/Recruit/GI_Read/34704106?Oem_Code=C1&logpath=1,[증강현실] 메타버스 Computer Vision 연구자 (병역특례 전직 가능),신입·경력,석사↑,서울 강남구,~08/08(일)
https://www.jobkorea.co.kr/Recruit/GI_Read/34635086?Oem_Code=C1&logpath=1,"Computer System Validation 전문가 모집(전기, 전자 전공자)",신입·경력,초대졸↑,경기 안양시 외,~06/02(수)
https://www.jobkorea.co.kr/Recruit/GI_Read/34632665?Oem_Code=C1&logpath=1,[TIE] Computer Vision Engineer 채용,경력5년↑,대졸↑,경기 성남시 외,~06/06(일)
https://www.jobkorea.co.kr/Recruit/GI_Read/34321863?Oem_Code=C1&logpath=1,CSV(Computer System Validation)컨설팅 및 문서작업 지원,경력2년↑,학력무관,서울,~06/29(화)
https://www.jobkorea.co.kr/Recruit/GI_Read/34238334?Oem_Code=C1&logpath=1,"[VNTG] Process Computer 구축 및 운영 담당자 (군산 근무, 신입/경력)",경력무관,학력무관,서울 마포구 외,상시채용
https://www.jobkorea.co.kr/Recruit/GI_Read/34193889?Oem_Code=C1&logpath=1,대만 글로벌기업 Super Micro Computer Holding B.V 사 시니어 기술영업 직원 채용,경력7년↑,대졸↑,서울 서초구 외,~06/16(수)
https://www.jobkorea.co.kr/Recruit/GI_Read/34901841?Oem_Code=C1&logpath=1,[월400이상] 데이터복구 / Computer AS 신규인원 긴급채용(신입가능),경력무관,학력무관,서울 양천구 외,~06/01(화)
https://www.jobkorea.co.kr/Recruit/GI_Read/34899414?Oem_Code=C1&logpath=1,[월400이상] COMPUTER AS 및 네트워크 기술자 및 신입 모집,경력무관,학력무관,경기 성남시 외,~06/01(화)
https://www.jobkorea.co.kr/Recruit/GI_Read/34899033?Oem_Code=C1&logpath=1,COMPUTER A/S  및 데이터 복구 관리 담당자를 찾습니다.,경력무관,학력무관,서울 송파구 외,~06/01(화)
https://www.jobkorea.co.kr/Recruit/GI_Read/34898717?Oem_Code=C1&logpath=1,COMPUTER / 모바일 /외장하드  수리 및 데이터 복구 인원 채용,경력무관,학력무관,경기 안성시 외,~06/01(화)
https://www.jobkorea.co.kr/Recruit/GI_Read/34634547?Oem_Code=C1&logpath=1,[전문연구요원/프론트엔드] Angular/3D/WebGL/Computer Graphics,신입·경력,대졸↑,경기 성남시 외,~06/30(수)
https://www.jobkorea.co.kr/Recruit/GI_Read/34395311?Oem_Code=C1&logpath=1,딥러닝 & 컴퓨터 비젼 개발 경력자 (Deep Learning/Computer Vision Engineer),경력2년↑,석사↑,서울 서초구,상시채용
https://www.jobkorea.co.kr/Recruit/GI_Read/34321616?Oem_Code=C1&logpath=1,,신입·경력,학력무관,,~07/16(금)
https://www.jobkorea.co.kr/Recruit/GI_Read/34825257?Oem_Code=C1&logpath=1,,신입·경력,초대졸↑,,~06/06(일)
https://www.jobkorea.co.kr/Recruit/GI_Read/34801137?Oem_Code=C1&logpath=1,,신입·경력,대졸↑,,~06/02(수)
https://www.jobkorea.co.kr/Recruit/GI_Read/34802144?Oem_Code=C1&logpath=1,,경력,학력무관,,~05/31(월)
https://www.jobkorea.co.kr/Recruit/GI_Read/34816956?Oem_Code=C1&logpath=1,,신입·경력,학력무관,,~05/31(월)
https://www.jobkorea.co.kr/Recruit/GI_Read/34837110?Oem_Code=C1&logpath=1,,경력무관,학력무관,,~06/06(일)
https://www.jobkorea.co.kr/Recruit/GI_Read/34725155?Oem_Code=C1&logpath=1,,신입·경력,학력무관,,~06/25(금)
https://www.jobkorea.co.kr/Recruit/GI_Read/34753675?Oem_Code=C1&logpath=1,,경력무관,학력무관,,~05/31(월)
https://www.jobkorea.co.kr/Recruit/GI_Read/34775379?Oem_Code=C1&logpath=1,,경력,학력무관,,상시채용
https://www.jobkorea.co.kr/Recruit/GI_Read/34729353?Oem_Code=C1&logpath=1,,경력,대졸↑,,~06/30(수)
https://www.jobkorea.co.kr/Recruit/GI_Read/34336509?Oem_Code=C1&logpath=1,Computer vision기반 Algorithm설계,경력3년↑,대졸↑,경기 성남시,~06/30(수)
https://www.jobkorea.co.kr/Recruit/GI_Read/34904911?Oem_Code=C1&logpath=1,[월400이상] 데이터복구 / Computer AS 신규인원 긴급채용(신입가능),경력무관,학력무관,경기 부천시 외,~06/01(화)
https://www.jobkorea.co.kr/Recruit/GI_Read/34904324?Oem_Code=C1&logpath=1,[월400이상] 데이터복구 및 COMPUTER A/S 에 관심많은 신입 엔지니어 팀원 모집,경력무관,학력무관,인천 서구 외,~06/01(화)
https://www.jobkorea.co.kr/Recruit/GI_Read/34902866?Oem_Code=C1&logpath=1,[월400이상] 유지보수 및 COMPUTER AS 신입팀원 모집,경력무관,학력무관,서울 서초구 외,~06/01(화)
https://www.jobkorea.co.kr/Recruit/GI_Read/34885377?Oem_Code=C1&logpath=1,"[VNTG] Process Computer 구축 및 운영 담당자 (창원 근무, 신입/경력)",경력무관,학력무관,경남 창원시,~08/26(목)
https://www.jobkorea.co.kr/Recruit/GI_Read/34866554?Oem_Code=C1&logpath=1,[로봇앤컴주식회사] Computer 및 Network Engineer 채용,경력무관,대졸↑,서울 광진구 외,~06/26(토)
https://www.jobkorea.co.kr/Recruit/GI_Read/34836234?Oem_Code=C1&logpath=1,SW Engineer (Computer Vision),경력1년↑,대졸↑,서울 강남구 외,~08/22(일)
https://www.jobkorea.co.kr/Recruit/GI_Read/34815154?Oem_Code=C1&logpath=1,"Computer Vision / Open CV / ML, DL",경력무관,석사↑,서울 성북구,~08/19(목)
https://www.jobkorea.co.kr/Recruit/GI_Read/34704106?Oem_Code=C1&logpath=1,[증강현실] 메타버스 Computer Vision 연구자 (병역특례 전직 가능),신입·경력,석사↑,서울 강남구,~08/08(일)
https://www.jobkorea.co.kr/Recruit/GI_Read/34635086?Oem_Code=C1&logpath=1,"Computer System Validation 전문가 모집(전기, 전자 전공자)",신입·경력,초대졸↑,경기 안양시 외,~06/02(수)
https://www.jobkorea.co.kr/Recruit/GI_Read/34632665?Oem_Code=C1&logpath=1,[TIE] Computer Vision Engineer 채용,경력5년↑,대졸↑,경기 성남시 외,~06/06(일)
https://www.jobkorea.co.kr/Recruit/GI_Read/34321863?Oem_Code=C1&logpath=1,CSV(Computer System Validation)컨설팅 및 문서작업 지원,경력2년↑,학력무관,서울,~06/29(화)
https://www.jobkorea.co.kr/Recruit/GI_Read/34238334?Oem_Code=C1&logpath=1,"[VNTG] Process Computer 구축 및 운영 담당자 (군산 근무, 신입/경력)",경력무관,학력무관,서울 마포구 외,상시채용
https://www.jobkorea.co.kr/Recruit/GI_Read/34193889?Oem_Code=C1&logpath=1,대만 글로벌기업 Super Micro Computer Holding B.V 사 시니어 기술영업 직원 채용,경력7년↑,대졸↑,서울 서초구 외,~06/16(수)
https://www.jobkorea.co.kr/Recruit/GI_Read/34901841?Oem_Code=C1&logpath=1,[월400이상] 데이터복구 / Computer AS 신규인원 긴급채용(신입가능),경력무관,학력무관,서울 양천구 외,~06/01(화)
https://www.jobkorea.co.kr/Recruit/GI_Read/34899414?Oem_Code=C1&logpath=1,[월400이상] COMPUTER AS 및 네트워크 기술자 및 신입 모집,경력무관,학력무관,경기 성남시 외,~06/01(화)
https://www.jobkorea.co.kr/Recruit/GI_Read/34899033?Oem_Code=C1&logpath=1,COMPUTER A/S  및 데이터 복구 관리 담당자를 찾습니다.,경력무관,학력무관,서울 송파구 외,~06/01(화)
https://www.jobkorea.co.kr/Recruit/GI_Read/34898717?Oem_Code=C1&logpath=1,COMPUTER / 모바일 /외장하드  수리 및 데이터 복구 인원 채용,경력무관,학력무관,경기 안성시 외,~06/01(화)
https://www.jobkorea.co.kr/Recruit/GI_Read/34634547?Oem_Code=C1&logpath=1,[전문연구요원/프론트엔드] Angular/3D/WebGL/Computer Graphics,신입·경력,대졸↑,경기 성남시 외,~06/30(수)
https://www.jobkorea.co.kr/Recruit/GI_Read/34395311?Oem_Code=C1&logpath=1,딥러닝 & 컴퓨터 비젼 개발 경력자 (Deep Learning/Computer Vision Engineer),경력2년↑,석사↑,서울 서초구,상시채용
https://www.jobkorea.co.kr/Recruit/GI_Read/34817480?Oem_Code=C1&logpath=1,,경력무관,학력무관,,~06/04(금)
https://www.jobkorea.co.kr/Recruit/GI_Read/34812236?Oem_Code=C1&logpath=1,,신입·경력,대졸↑,,~06/06(일)
https://www.jobkorea.co.kr/Recruit/GI_Read/34775379?Oem_Code=C1&logpath=1,,경력,학력무관,,상시채용
https://www.jobkorea.co.kr/Recruit/GI_Read/34825210?Oem_Code=C1&logpath=1,,경력무관,학력무관,,~06/22(화)
https://www.jobkorea.co.kr/Recruit/GI_Read/34772377?Oem_Code=C1&logpath=1,,경력무관,학력무관,,~05/31(월)
https://www.jobkorea.co.kr/Recruit/GI_Read/34815881?Oem_Code=C1&logpath=1,,신입·경력,고졸↑,,~06/03(목)
https://www.jobkorea.co.kr/Recruit/GI_Read/34809630?Oem_Code=C1&logpath=1,,신입·경력,고졸↑,,~05/31(월)
https://www.jobkorea.co.kr/Recruit/GI_Read/34721890?Oem_Code=C1&logpath=1,,경력무관,학력무관,,~05/31(월)
https://www.jobkorea.co.kr/Recruit/GI_Read/34804818?Oem_Code=C1&logpath=1,,신입·경력,학력무관,,~06/04(금)
https://www.jobkorea.co.kr/Recruit/GI_Read/34815616?Oem_Code=C1&logpath=1,,경력무관,학력무관,,~06/04(금)
https://www.jobkorea.co.kr/Recruit/GI_Read/34794095?Oem_Code=C1&logpath=1,[얀센백신] Material Planner 신입사원,신입,대졸↑,인천 연수구,~08/17(화)
https://www.jobkorea.co.kr/Recruit/GI_Read/34867727?Oem_Code=C1&logpath=1,[하나금융융합기술원] 각 부문별 경력직 연구원 모집,경력,대졸↑,서울 강남구,~06/06(일)
https://www.jobkorea.co.kr/Recruit/GI_Read/34775379?Oem_Code=C1&logpath=1,한화테크윈 경력사원 모집,경력,학력무관,경기 성남시,상시채용
https://www.jobkorea.co.kr/Recruit/GI_Read/34845104?Oem_Code=C1&logpath=1,[삼성전자 온라인공식파트너사] 쇼핑몰MD 모집(신입/경력),신입·경력,초대졸↑,서울 전지역 외,~06/06(일)
https://www.jobkorea.co.kr/Recruit/GI_Read/34906598?Oem_Code=C1&logpath=1,"[파고다] 7, 8월: 신임 및 경력강사 채용",신입·경력,초대졸↑,인천 부평구 외,~08/29(일)
https://www.jobkorea.co.kr/Recruit/GI_Read/34904560?Oem_Code=C1&logpath=1,Project Manager in Machine Automation Solutions,경력10년↑,대졸↑,경기 용인시,~08/29(일)
https://www.jobkorea.co.kr/Recruit/GI_Read/34884469?Oem_Code=C1&logpath=1,AI/ML 연구 개발자(경력) 모집 (Al Researcher & Research Engineer),경력,,경기 성남시,~06/03(목)
https://www.jobkorea.co.kr/Recruit/GI_Read/34883564?Oem_Code=C1&logpath=1,온라인쇼핑몰 기획 및 운영(경력) 모집,경력,대졸↑,서울 용산구,~06/07(월)
https://www.jobkorea.co.kr/Recruit/GI_Read/34883478?Oem_Code=C1&logpath=1,프리랜서 개발자 모집 (ASP.NET),경력,초대졸↑,서울 용산구,~06/07(월)
https://www.jobkorea.co.kr/Recruit/GI_Read/34878851?Oem_Code=C1&logpath=1,AI/ML 연구 개발자(경력) 모집,경력,,경기 성남시,~06/03(목)
https://www.jobkorea.co.kr/Recruit/GI_Read/34876255?Oem_Code=C1&logpath=1,"[Cymer] Data Product Service Engineer (평택, 신입/경력)",신입·경력1년↑,대졸↑,경기 화성시,~06/10(목)
https://www.jobkorea.co.kr/Recruit/GI_Read/34871958?Oem_Code=C1&logpath=1,APC Engineer (창원사무소),경력4년↑,대졸↑,서울 서대문구,~08/25(수)
https://www.jobkorea.co.kr/Recruit/GI_Read/34853940?Oem_Code=C1&logpath=1,[존슨앤드존슨] International Pharmacovigilance Case Management Sr. Specialist,경력,대졸↑,서울 용산구,~08/24(화)
https://www.jobkorea.co.kr/Recruit/GI_Read/34843603?Oem_Code=C1&logpath=1,"인공지능 (딥러닝) 개발자, Python 개발능력자(신입과 경력 : 병역특례(보충역) 가능).",신입·경력,학력무관,대전 서구 외,~06/13(일)
https://www.jobkorea.co.kr/Recruit/GI_Read/34840938?Oem_Code=C1&logpath=1,Software Product Manager (Semiconductor),경력10년↑,대졸↑,경기 용인시,~06/06(일)
https://www.jobkorea.co.kr/Recruit/GI_Read/34840953?Oem_Code=C1&logpath=1,"Digital Service Engineer(IT, Software, network), Electron Microscopy",경력7년↑,대졸↑,경기 용인시,~06/06(일)
https://www.jobkorea.co.kr/Recruit/GI_Read/34840628?Oem_Code=C1&logpath=1,Data Mining Specialist,경력2년↑,대졸↑,서울 강남구,~06/06(일)
https://www.jobkorea.co.kr/Recruit/GI_Read/34840622?Oem_Code=C1&logpath=1,"Account Manager (대전), Biosciences",경력3년↑,대졸↑,대전 유성구,~06/06(일)
https://www.jobkorea.co.kr/Recruit/GI_Read/34840604?Oem_Code=C1&logpath=1,"Field Application Scientist for Upstream, BioProduction",경력5년↑,대졸↑,인천 연수구,~06/06(일)
https://www.jobkorea.co.kr/Recruit/GI_Read/34840602?Oem_Code=C1&logpath=1,"Field Application Scientist for Downstream, BioProduction",경력5년↑,대졸↑,인천 연수구,~06/06(일)
https://www.jobkorea.co.kr/Recruit/GI_Read/34816956?Oem_Code=C1&logpath=1,,신입·경력,학력무관,,~05/31(월)
https://www.jobkorea.co.kr/Recruit/GI_Read/34746168?Oem_Code=C1&logpath=1,,경력,학력무관,,~05/31(월)
https://www.jobkorea.co.kr/Recruit/GI_Read/34828343?Oem_Code=C1&logpath=1,,신입·경력,학력무관,,~06/04(금)
https://www.jobkorea.co.kr/Recruit/GI_Read/34755232?Oem_Code=C1&logpath=1,,신입·경력,대졸↑,,~05/31(월)
https://www.jobkorea.co.kr/Recruit/GI_Read/34717808?Oem_Code=C1&logpath=1,,신입·경력,학력무관,,~05/31(월)
https://www.jobkorea.co.kr/Recruit/GI_Read/34838520?Oem_Code=C1&logpath=1,,신입·경력,대졸↑,,~06/06(일)
https://www.jobkorea.co.kr/Recruit/GI_Read/34783960?Oem_Code=C1&logpath=1,,경력무관,고졸↑,,~06/01(화)
https://www.jobkorea.co.kr/Recruit/GI_Read/34818049?Oem_Code=C1&logpath=1,,신입·경력,대졸↑,,~06/07(월)
https://www.jobkorea.co.kr/Recruit/GI_Read/34826791?Oem_Code=C1&logpath=1,,신입·경력,학력무관,,~05/31(월)
https://www.jobkorea.co.kr/Recruit/GI_Read/34816361?Oem_Code=C1&logpath=1,,경력,학력무관,,~06/03(목)
https://www.jobkorea.co.kr/Recruit/GI_Read/34840543?Oem_Code=C1&logpath=1,[얀센백신] Sr. QC Supervisor,경력8년↑,대졸↑,인천 연수구,~08/22(일)
https://www.jobkorea.co.kr/Recruit/GI_Read/34840525?Oem_Code=C1&logpath=1,[한국얀센] Clinical Project Manager (Local Trial Manager) - Pulmonary Hypertension,경력2년↑,대졸↑,서울 용산구,~08/22(일)
https://www.jobkorea.co.kr/Recruit/GI_Read/34834954?Oem_Code=C1&logpath=1,[Sanofi/사노피] SG BU Coordinator,경력무관,학력무관,서울 서초구,~08/22(일)
https://www.jobkorea.co.kr/Recruit/GI_Read/34827567?Oem_Code=C1&logpath=1,CIS ISP 경력사원 모집,경력,대졸↑,경기 이천시,~06/02(수)
https://www.jobkorea.co.kr/Recruit/GI_Read/34805619?Oem_Code=C1&logpath=1,모바일 게임플랫폼 프론트엔드 개발자 (경력),경력2년↑,학력무관,서울 강남구,~08/18(수)
https://www.jobkorea.co.kr/Recruit/GI_Read/34802748?Oem_Code=C1&logpath=1,외국계 보험사- IT Infra Administrator 기술 운용지원 담당자,신입·경력2년↑,대졸↑,서울 중구 외,~06/03(목)
https://www.jobkorea.co.kr/Recruit/GI_Read/34794983?Oem_Code=C1&logpath=1,Manufacturing Engineering 채용 공고,경력2년↑,초대졸↑,경기 화성시,~08/18(수)
https://www.jobkorea.co.kr/Recruit/GI_Read/34787815?Oem_Code=C1&logpath=1,[현대자동차] AIRS컴퍼니 경력 상시채용,경력2년↑,학력무관,서울 강남구,~06/13(일)
https://www.jobkorea.co.kr/Recruit/GI_Read/34785361?Oem_Code=C1&logpath=1,Assistant Sales Engineer 채용,경력2년↑,대졸↑,경기 안산시,~08/16(월)
https://www.jobkorea.co.kr/Recruit/GI_Read/34783090?Oem_Code=C1&logpath=1,외국계보험사-Operation Manager 보험 계약관리 및 고객서비스 담당자,신입·경력5년↑,대졸↑,서울 중구,~06/03(목)
https://www.jobkorea.co.kr/Recruit/GI_Read/34777238?Oem_Code=C1&logpath=1,온라인 영업 경력사원 모집,경력3년↑,초대졸↑,서울 용산구,~05/31(월)
https://www.jobkorea.co.kr/Recruit/GI_Read/34771917?Oem_Code=C1&logpath=1,(주)아이씨디 연구소(R&D) 신입/경력사원 채용,신입·경력,대졸↑,경기 안성시,~06/30(수)
https://www.jobkorea.co.kr/Recruit/GI_Read/34750524?Oem_Code=C1&logpath=1,회계 경력사원 모집,신입·경력3년↑,초대졸↑,서울 용산구,~05/31(월)
https://www.jobkorea.co.kr/Recruit/GI_Read/34749270?Oem_Code=C1&logpath=1,컴퓨터코리아(자사몰) 영업 및 관리 담당사원 모집,경력무관,초대졸↑,서울 용산구,~05/31(월)
https://www.jobkorea.co.kr/Recruit/GI_Read/34716657?Oem_Code=C1&logpath=1,[듀어코리아] IT Specialist,경력,초대졸↑,서울 구로구,~06/10(목)
https://www.jobkorea.co.kr/Recruit/GI_Read/34648440?Oem_Code=C1&logpath=1,"C#, C++, PM, 백엔드, 딥러닝 자신있는분 지원해주세요",신입·경력,초대졸↑,서울 구로구 외,~05/31(월)
https://www.jobkorea.co.kr/Recruit/GI_Read/34638420?Oem_Code=C1&logpath=1,AI 연구소 채용,경력,,경기 성남시,상시채용
https://www.jobkorea.co.kr/Recruit/GI_Read/34606157?Oem_Code=C1&logpath=1,[외국계기업/삼성본사] E-commerce Operation Executive 채용,경력,초대졸↑,서울 강남구 외,~07/28(수)
https://www.jobkorea.co.kr/Recruit/GI_Read/34569106?Oem_Code=C1&logpath=1,CM Staff,경력1년↑,초대졸↑,서울 강남구,~06/25(금)
https://www.jobkorea.co.kr/Recruit/GI_Read/34541419?Oem_Code=C1&logpath=1,한솔섬유(주) 본사 디자인부 각 부문 신입(인턴) 또는 경력,신입·경력2년↑,대졸↑,서울 송파구,~07/21(수)
https://www.jobkorea.co.kr/Recruit/GI_Read/34839578?Oem_Code=C1&logpath=1,,경력무관,초대졸↑,,~08/22(일)
https://www.jobkorea.co.kr/Recruit/GI_Read/34805366?Oem_Code=C1&logpath=1,,경력,학력무관,,~06/09(수)
https://www.jobkorea.co.kr/Recruit/GI_Read/34802144?Oem_Code=C1&logpath=1,,경력,학력무관,,~05/31(월)
https://www.jobkorea.co.kr/Recruit/GI_Read/34834596?Oem_Code=C1&logpath=1,,신입·경력,학력무관,,~05/31(월)
https://www.jobkorea.co.kr/Recruit/GI_Read/34517517?Oem_Code=C1&logpath=1,,경력무관,학력무관,,~06/01(화)
https://www.jobkorea.co.kr/Recruit/GI_Read/34730621?Oem_Code=C1&logpath=1,,경력,초대졸↑,,~05/31(월)
https://www.jobkorea.co.kr/Recruit/GI_Read/34767354?Oem_Code=C1&logpath=1,,신입,대졸↑,,~06/02(수)
https://www.jobkorea.co.kr/Recruit/GI_Read/34802401?Oem_Code=C1&logpath=1,,경력,초대졸↑,,상시채용
https://www.jobkorea.co.kr/Recruit/GI_Read/34772377?Oem_Code=C1&logpath=1,,경력무관,학력무관,,~05/31(월)
https://www.jobkorea.co.kr/Recruit/GI_Read/34828343?Oem_Code=C1&logpath=1,,신입·경력,학력무관,,~06/04(금)
https://www.jobkorea.co.kr/Recruit/GI_Read/34540440?Oem_Code=C1&logpath=1,D&M GMC BD (Business Development) in EV Battery,경력5년↑,대졸↑,서울 서대문구,~07/21(수)
https://www.jobkorea.co.kr/Recruit/GI_Read/34540421?Oem_Code=C1&logpath=1,[BAT Korea]Production Scheduler,경력3년↑,학력무관,경남 사천시,~07/21(수)
https://www.jobkorea.co.kr/Recruit/GI_Read/34530924?Oem_Code=C1&logpath=1,ED (Engineered Drives) Sales Specialist,경력5년↑,대졸↑,서울 서대문구,~07/20(화)
https://www.jobkorea.co.kr/Recruit/GI_Read/34524494?Oem_Code=C1&logpath=1,Recruit Vietnames software programmer (in Pangyo),경력무관,대졸↑,경기 성남시,~07/20(화)
https://www.jobkorea.co.kr/Recruit/GI_Read/34432094?Oem_Code=C1&logpath=1,리얼타임 엔진 컨텐츠(AR/VR/MR) 3D 디자이너 모집,경력무관,학력무관,서울 강남구,~07/11(일)
https://www.jobkorea.co.kr/Recruit/GI_Read/34417803?Oem_Code=C1&logpath=1,[Honeywell Korea] Cyber Security Architecture Engineer,경력5년↑,대졸↑,서울 마포구,~07/08(목)
https://www.jobkorea.co.kr/Recruit/GI_Read/34417620?Oem_Code=C1&logpath=1,Product Engineer II - Virtuoso,경력무관,대졸↑,경기 성남시,~07/08(목)
https://www.jobkorea.co.kr/Recruit/GI_Read/34391947?Oem_Code=C1&logpath=1,외국계 건강기능식품회사 정규직 사원급 채용: Sales 부서 1명,신입·경력1년↑,대졸↑,서울 강남구,~06/06(일)
https://www.jobkorea.co.kr/Recruit/GI_Read/34366254?Oem_Code=C1&logpath=1,게임 클라이언트 개발자 채용,신입·경력,학력무관,서울 서초구,상시채용
https://www.jobkorea.co.kr/Recruit/GI_Read/34366189?Oem_Code=C1&logpath=1,게임 서버 개발자 채용,신입·경력,학력무관,서울 서초구,상시채용
https://www.jobkorea.co.kr/Recruit/GI_Read/34366087?Oem_Code=C1&logpath=1,웹 개발자 채용,신입·경력,학력무관,서울 서초구,상시채용
https://www.jobkorea.co.kr/Recruit/GI_Read/34336607?Oem_Code=C1&logpath=1,Deep learning기반 영상인식,경력3년↑,대졸↑,경기 성남시,~06/30(수)
https://www.jobkorea.co.kr/Recruit/GI_Read/34253528?Oem_Code=C1&logpath=1,[EY컨설팅] 컨설팅본부 Business Consulting 부문 IT/디지털/전략 분야 경력 컨설턴트 모집,경력3년↑,대졸↑,서울 영등포구,상시채용
https://www.jobkorea.co.kr/Recruit/GI_Read/34907955?Oem_Code=C1&logpath=1,바이엘코리아 11기 공채 인턴 모집,경력무관,대졸↑,서울 동작구,~06/13(일)
https://www.jobkorea.co.kr/Recruit/GI_Read/34903615?Oem_Code=C1&logpath=1,2021년도 수시(5차) 전임교수 초빙,신입·경력,박사↑,울산 울주군,~08/26(목)
https://www.jobkorea.co.kr/Recruit/GI_Read/34882243?Oem_Code=C1&logpath=1,[용산/외국계제약사] 채용팀 인사/HR 인턴 채용 (신입/휴학생 가능),경력무관,대졸↑,서울 용산구 외,~06/11(금)
https://www.jobkorea.co.kr/Recruit/GI_Read/34851359?Oem_Code=C1&logpath=1,[미국계 IT대기업 G사/안양] IT Support 채용 (컴공과 신입가능),경력무관,대졸↑,경기 안양시 외,~06/24(목)
https://www.jobkorea.co.kr/Recruit/GI_Read/34784033?Oem_Code=C1&logpath=1,[글로벌 포탈G사/안양] IT Support (Data center)담당자 채용(컴공과 신입가능),경력무관,학력무관,경기 안양시 외,~06/17(목)
https://www.jobkorea.co.kr/Recruit/GI_Read/34762750?Oem_Code=C1&logpath=1,[코스닥 상장사] 머신비전 영상처리 검사 알고리즘 개발 연구원 채용,경력무관,학력무관,경기,상시채용
https://www.jobkorea.co.kr/Recruit/GI_Read/34762751?Oem_Code=C1&logpath=1,[코스닥 상장사] X-RAY 화질개선 알고리즘 연구원 채용,경력무관,학력무관,경기,상시채용
https://www.jobkorea.co.kr/Recruit/GI_Read/34781293?Oem_Code=C1&logpath=1,,신입·경력,학력무관,,~05/31(월)
https://www.jobkorea.co.kr/Recruit/GI_Read/34642275?Oem_Code=C1&logpath=1,,신입·경력,학력무관,,~06/08(화)
https://www.jobkorea.co.kr/Recruit/GI_Read/34772377?Oem_Code=C1&logpath=1,,경력무관,학력무관,,~05/31(월)
https://www.jobkorea.co.kr/Recruit/GI_Read/34721890?Oem_Code=C1&logpath=1,,경력무관,학력무관,,~05/31(월)
https://www.jobkorea.co.kr/Recruit/GI_Read/34831634?Oem_Code=C1&logpath=1,,신입,대졸↑,,~06/07(월)
https://www.jobkorea.co.kr/Recruit/GI_Read/34795658?Oem_Code=C1&logpath=1,,경력,학력무관,,~06/06(일)
https://www.jobkorea.co.kr/Recruit/GI_Read/34829042?Oem_Code=C1&logpath=1,,신입·경력,학력무관,,~06/04(금)
https://www.jobkorea.co.kr/Recruit/GI_Read/34622629?Oem_Code=C1&logpath=1,,신입,대졸↑,,~05/31(월)
https://www.jobkorea.co.kr/Recruit/GI_Read/34679340?Oem_Code=C1&logpath=1,,신입·경력,학력무관,,~08/05(목)
https://www.jobkorea.co.kr/Recruit/GI_Read/34726727?Oem_Code=C1&logpath=1,,경력,학력무관,,~05/31(월)
https://www.jobkorea.co.kr/Recruit/GI_Read/34908271?Oem_Code=C1&logpath=1,(수원) 코디네이터 정규직 채용 / Coordinator (Suwon),신입·경력,대졸↑,경기 수원시,~06/13(일)
https://www.jobkorea.co.kr/Recruit/GI_Read/34907020?Oem_Code=C1&logpath=1,"월420만이상--신입모집-- 휴대폰복구,데이터복구  (차량소지자)",경력무관,학력무관,서울 마포구 외,~08/29(일)
https://www.jobkorea.co.kr/Recruit/GI_Read/34907016?Oem_Code=C1&logpath=1,(자차필수) 월4백이상 컴퓨터/노트북수리 사원모집(신입가능),신입,학력무관,서울 마포구 외,~08/29(일)
https://www.jobkorea.co.kr/Recruit/GI_Read/34907012?Oem_Code=C1&logpath=1,고객센터 상담직원모집(신입 및 경력자),신입,학력무관,서울 마포구 외,~08/29(일)
https://www.jobkorea.co.kr/Recruit/GI_Read/34905661?Oem_Code=C1&logpath=1,[프로의식으로 워라밸을 추구하는 글로벌 강소기업] 각 분야별 직원 모집,경력무관,초대졸↑,경기 광명시 외,~06/15(화)
https://www.jobkorea.co.kr/Recruit/GI_Read/34904235?Oem_Code=C1&logpath=1,Mobile/Handset Test Engineer,신입·경력,대졸↑,서울 강남구,~08/29(일)
https://www.jobkorea.co.kr/Recruit/GI_Read/34902532?Oem_Code=C1&logpath=1,2021년 수시 채용공고(로봇개발연구직) - Robotics Perception Engineer,신입·경력1년↑,대졸↑,서울 강서구,~07/31(토)
https://www.jobkorea.co.kr/Recruit/GI_Read/34901862?Oem_Code=C1&logpath=1,Dolby Korea is Hiring: Senior Field Application Engineer (Audio SW Engineer),경력3년↑,대졸↑,서울 강남구,상시채용
https://www.jobkorea.co.kr/Recruit/GI_Read/34900539?Oem_Code=C1&logpath=1,Technical Account Manager,경력7년↑,대졸↑,서울 중구,~06/18(금)
https://www.jobkorea.co.kr/Recruit/GI_Read/34899390?Oem_Code=C1&logpath=1,[미디어텍코리아] Office Admin (2년 계약직),경력2년↑,대졸↑,경기 성남시,~06/13(일)
https://www.jobkorea.co.kr/Recruit/GI_Read/34899213?Oem_Code=C1&logpath=1,[4DREPLAY] 멀티미디어그룹 개발자 채용 (경력),경력,초대졸↑,서울 강남구,~06/14(월)
https://www.jobkorea.co.kr/Recruit/GI_Read/34889353?Oem_Code=C1&logpath=1,[두원전자통신] 연구소 지능형 영상보안 기술 개발자 경력 인원 충원 채용,경력3년↑,학력무관,경기 시흥시 외,~08/26(목)
https://www.jobkorea.co.kr/Recruit/GI_Read/34888100?Oem_Code=C1&logpath=1,[딜로이트 안진회계법인] IT Senior System Administrator 경력직 채용,경력7년↑,대졸↑,서울 영등포구,~07/31(토)
https://www.jobkorea.co.kr/Recruit/GI_Read/34885967?Oem_Code=C1&logpath=1,Solution Architect,경력3년↑,대졸↑,서울 강남구,~06/27(일)
https://www.jobkorea.co.kr/Recruit/GI_Read/34885121?Oem_Code=C1&logpath=1,국제학교 응급구조사/간호사 (산휴대체) 채용,경력무관,학력무관,인천 연수구,~06/01(화)
https://www.jobkorea.co.kr/Recruit/GI_Read/34884691?Oem_Code=C1&logpath=1,[아이피샵] 전략기획 신입/경력 영어 원어민 외국인 채용,경력무관,대졸↑,서울 강남구,~08/26(목)
https://www.jobkorea.co.kr/Recruit/GI_Read/34880323?Oem_Code=C1&logpath=1,한국MSD Medical Service Specialist모집,경력2년↑,대졸↑,서울 중구,~08/26(목)
https://www.jobkorea.co.kr/Recruit/GI_Read/34879213?Oem_Code=C1&logpath=1,9. [글로벌기업] Production Finance Manager,경력6년↑,학력무관,서울 강남구,~08/26(목)
https://www.jobkorea.co.kr/Recruit/GI_Read/34874091?Oem_Code=C1&logpath=1,"[뷰노] 의료영상, 생체신호, 음성인식 ML/DL 연구원을 찾습니다",신입·경력,대졸↑,서울 서초구,~08/25(수)
https://www.jobkorea.co.kr/Recruit/GI_Read/34873001?Oem_Code=C1&logpath=1,2021년 한국뉴욕주립대 채용 (SBU 교무팀),신입·경력,대졸↑,인천 연수구,~06/09(수)
https://www.jobkorea.co.kr/Recruit/GI_Read/34528933?Oem_Code=C1&logpath=1,,경력무관,학력무관,,상시채용
https://www.jobkorea.co.kr/Recruit/GI_Read/34838520?Oem_Code=C1&logpath=1,,신입·경력,대졸↑,,~06/06(일)
https://www.jobkorea.co.kr/Recruit/GI_Read/34810543?Oem_Code=C1&logpath=1,,신입·경력,학력무관,,~05/31(월)
https://www.jobkorea.co.kr/Recruit/GI_Read/34816361?Oem_Code=C1&logpath=1,,경력,학력무관,,~06/03(목)
https://www.jobkorea.co.kr/Recruit/GI_Read/34834306?Oem_Code=C1&logpath=1,,신입·경력,학력무관,,~05/31(월)
https://www.jobkorea.co.kr/Recruit/GI_Read/34835893?Oem_Code=C1&logpath=1,,신입·경력,학력무관,,~06/13(일)
https://www.jobkorea.co.kr/Recruit/GI_Read/34725155?Oem_Code=C1&logpath=1,,신입·경력,학력무관,,~06/25(금)
https://www.jobkorea.co.kr/Recruit/GI_Read/34812129?Oem_Code=C1&logpath=1,,경력,학력무관,,~05/31(월)
https://www.jobkorea.co.kr/Recruit/GI_Read/34837249?Oem_Code=C1&logpath=1,,경력,석사↑,,~06/06(일)
https://www.jobkorea.co.kr/Recruit/GI_Read/34785910?Oem_Code=C1&logpath=1,,신입·경력,학력무관,,~06/02(수)
https://www.jobkorea.co.kr/Recruit/GI_Read/34866101?Oem_Code=C1&logpath=1,[프론티스] XR 연구개발부 각 부분별 모집,경력2년↑,학력무관,경기 수원시 외,상시채용
https://www.jobkorea.co.kr/Recruit/GI_Read/34865388?Oem_Code=C1&logpath=1,[Expeditors Korea] 해운수출 신입사원 채용,신입,대졸↑,서울 구로구,~06/04(금)
https://www.jobkorea.co.kr/Recruit/GI_Read/34864261?Oem_Code=C1&logpath=1,"LvYue Korea Hotel Management Finance department, Korea region",경력1년↑,대졸↑,서울 중구,~07/25(일)
https://www.jobkorea.co.kr/Recruit/GI_Read/34859576?Oem_Code=C1&logpath=1,SMT 경력자 / 자동화 시스템,신입·경력3년↑,초대졸↑,서울 마포구,~08/24(화)
https://www.jobkorea.co.kr/Recruit/GI_Read/34859567?Oem_Code=C1&logpath=1,[ 전자기술] SMT  기술 경력자. 중국어 우대,신입·경력3년↑,학력무관,서울 마포구,~08/24(화)
https://www.jobkorea.co.kr/Recruit/GI_Read/34858353?Oem_Code=C1&logpath=1,[외국계]IT Support Engineer / Finance Assistant / 고객지원부 채용,신입·경력,학력무관,서울 강남구,~05/31(월)
https://www.jobkorea.co.kr/Recruit/GI_Read/34853869?Oem_Code=C1&logpath=1,[뉴로핏] 소프트웨어 엔지니어(SW Engineer) 정규직 모집,신입·경력1년↑,대졸↑,서울 강남구,상시채용
https://www.jobkorea.co.kr/Recruit/GI_Read/34851456?Oem_Code=C1&logpath=1,"[한국수출입협회&한국무역통상진흥협회]해외업무,M&A,수출입무역업무",경력,대졸↑,부산 해운대구,~08/23(월)
https://www.jobkorea.co.kr/Recruit/GI_Read/34848098?Oem_Code=C1&logpath=1,해외사업 경력/신입 담당자 채용,경력무관,대졸↑,대전 유성구 외,~06/14(월)
https://www.jobkorea.co.kr/Recruit/GI_Read/34845945?Oem_Code=C1&logpath=1,(주)인코어드 테크놀로지스 백엔드 서버 개발 정규직 채용,경력2년↑,대졸↑,서울 강남구,~08/23(월)
https://www.jobkorea.co.kr/Recruit/GI_Read/34844939?Oem_Code=C1&logpath=1,"퀀텀에이아이 개발팀 정규직 채용(back-end, vision AI, Data analysis)",경력무관,학력무관,서울 금천구,~06/07(월)
https://www.jobkorea.co.kr/Recruit/GI_Read/34839817?Oem_Code=C1&logpath=1,[글로벌 포워딩] IT Coordinator 정규직 채용 (사원-대리급),신입·경력2년↑,초대졸↑,서울 마포구,~06/23(수)
https://www.jobkorea.co.kr/Recruit/GI_Read/34837443?Oem_Code=C1&logpath=1,[경력] C# 개발자 모집,신입·경력,학력무관,경기 안양시,~08/22(일)
https://www.jobkorea.co.kr/Recruit/GI_Read/34837323?Oem_Code=C1&logpath=1,기술 지원팀 채용,신입·경력1년↑,초대졸↑,대전 유성구,~06/11(금)
https://www.jobkorea.co.kr/Recruit/GI_Read/34835462?Oem_Code=C1&logpath=1,[와이즈넛] 솔루션 컨설턴트 경력직 채용 공고,경력2년↑,대졸↑,경기 성남시,~06/23(수)
https://www.jobkorea.co.kr/Recruit/GI_Read/34828707?Oem_Code=C1&logpath=1,[미디어텍코리아] Display & Graphic SW Engineer,경력2년↑,대졸↑,경기 성남시,~06/06(일)
https://www.jobkorea.co.kr/Recruit/GI_Read/34828689?Oem_Code=C1&logpath=1,Mobile System Engineer / Mobile Device Driver Engineer 채용,신입·경력2년↑,대졸↑,경기 성남시,~06/06(일)
https://www.jobkorea.co.kr/Recruit/GI_Read/34828379?Oem_Code=C1&logpath=1,IT Developer 채용,경력무관,초대졸↑,서울 강남구,~06/04(금)
https://www.jobkorea.co.kr/Recruit/GI_Read/34828203?Oem_Code=C1&logpath=1,"[을지로/경력]글로벌 명품 자동차 기업, IT Specialist 채용",경력3년↑,대졸↑,서울 중구 외,~06/11(금)
https://www.jobkorea.co.kr/Recruit/GI_Read/34824832?Oem_Code=C1&logpath=1,시스템 / 서버 엔지니어 / 기술지원 신입 정규직 모집,신입,초대졸↑,서울 강서구,~06/11(금)
https://www.jobkorea.co.kr/Recruit/GI_Read/34835893?Oem_Code=C1&logpath=1,,신입·경력,학력무관,,~06/13(일)
https://www.jobkorea.co.kr/Recruit/GI_Read/34753675?Oem_Code=C1&logpath=1,,경력무관,학력무관,,~05/31(월)
https://www.jobkorea.co.kr/Recruit/GI_Read/34777992?Oem_Code=C1&logpath=1,,신입·경력,학력무관,,~05/31(월)
https://www.jobkorea.co.kr/Recruit/GI_Read/34834600?Oem_Code=C1&logpath=1,,신입·경력,대졸↑,,~06/07(월)
https://www.jobkorea.co.kr/Recruit/GI_Read/34725155?Oem_Code=C1&logpath=1,,신입·경력,학력무관,,~06/25(금)
https://www.jobkorea.co.kr/Recruit/GI_Read/34528933?Oem_Code=C1&logpath=1,,경력무관,학력무관,,상시채용
https://www.jobkorea.co.kr/Recruit/GI_Read/34755457?Oem_Code=C1&logpath=1,,신입·경력,학력무관,,~05/31(월)
https://www.jobkorea.co.kr/Recruit/GI_Read/34330822?Oem_Code=C1&logpath=1,,신입·경력,대졸↑,,상시채용
https://www.jobkorea.co.kr/Recruit/GI_Read/34708157?Oem_Code=C1&logpath=1,,경력무관,학력무관,,~08/09(월)
https://www.jobkorea.co.kr/Recruit/GI_Read/34775379?Oem_Code=C1&logpath=1,,경력,학력무관,,상시채용
https://www.jobkorea.co.kr/Recruit/GI_Read/34822022?Oem_Code=C1&logpath=1,"BIM 프로젝트 컨설턴트 (경력, 신입, 인턴)",경력무관,학력무관,서울 마포구,~06/04(금)
https://www.jobkorea.co.kr/Recruit/GI_Read/34810496?Oem_Code=C1&logpath=1,[어니컴(주)] 백앤드 / 머신러닝 엔지니어 경력자 모집,경력5년↑,학력무관,서울 용산구 외,~06/20(일)
https://www.jobkorea.co.kr/Recruit/GI_Read/34818823?Oem_Code=C1&logpath=1,화상영어 튜터링 선생님 채용 (파트타임),경력,대졸↑,서울 성동구,~06/30(수)
https://www.jobkorea.co.kr/Recruit/GI_Read/34818183?Oem_Code=C1&logpath=1,E-commerce Operation Executive (1 Year Contract),경력1년↑,대졸↑,서울 강남구,~06/20(일)
https://www.jobkorea.co.kr/Recruit/GI_Read/34816129?Oem_Code=C1&logpath=1,Customer Service Engineer 정규직 신입에서 대리급,신입·경력1년↑,대졸↑,서울 중구,~06/20(일)
https://www.jobkorea.co.kr/Recruit/GI_Read/34815364?Oem_Code=C1&logpath=1,국제학교 응급구조사/간호사 단기계약 채용,경력무관,학력무관,인천 연수구,~06/01(화)
https://www.jobkorea.co.kr/Recruit/GI_Read/34814438?Oem_Code=C1&logpath=1,여의도 메리어트 호텔 IT 사원 또는 주임 모집,신입·경력,초대졸↑,서울 영등포구,~08/19(목)
https://www.jobkorea.co.kr/Recruit/GI_Read/34814213?Oem_Code=C1&logpath=1,그린컴퓨터아카데미 교육생 관리/상담 신규직원 채,신입·경력1년↑,학력무관,경기 안산시,~06/20(일)
https://www.jobkorea.co.kr/Recruit/GI_Read/34813565?Oem_Code=C1&logpath=1,Sales Engineer - Semiconductor,경력3년↑,대졸↑,서울 마포구,~05/31(월)
https://www.jobkorea.co.kr/Recruit/GI_Read/34811890?Oem_Code=C1&logpath=1,ADAS 알고리즘 Engineer(Automotive 반도체) 분야 채용,경력무관,대졸↑,경기 성남시,~08/19(목)
https://www.jobkorea.co.kr/Recruit/GI_Read/34809689?Oem_Code=C1&logpath=1,[자동차 전장] HIL / SIL Engineer,경력5년↑,대졸↑,경기 성남시,~08/19(목)
https://www.jobkorea.co.kr/Recruit/GI_Read/34807627?Oem_Code=C1&logpath=1,Finance Controller,경력10년↑,대졸↑,서울 강남구,~06/20(일)
https://www.jobkorea.co.kr/Recruit/GI_Read/34806261?Oem_Code=C1&logpath=1,[외국계 제약사] HR Operations Specialist,경력2년↑,대졸↑,서울 중구 외,~08/18(수)
https://www.jobkorea.co.kr/Recruit/GI_Read/34805984?Oem_Code=C1&logpath=1,[서초연구소] 자연어 처리 / Vision AI 개발자,경력3년↑,대졸↑,서울 서초구,~08/18(수)
https://www.jobkorea.co.kr/Recruit/GI_Read/34803714?Oem_Code=C1&logpath=1,Business Development Manager,경력10년↑,대졸↑,경기 평택시,~08/18(수)
https://www.jobkorea.co.kr/Recruit/GI_Read/34800741?Oem_Code=C1&logpath=1,[프로메트릭코리아(유)] Test Center Administrator 채용,경력무관,고졸↑,서울 강남구,~05/31(월)
https://www.jobkorea.co.kr/Recruit/GI_Read/34799037?Oem_Code=C1&logpath=1,"[병특/신입] 병역특례(전문연구요원) 채용, 머신러닝/딥러닝개발",신입,석사↑,서울 영등포구,~06/04(금)
https://www.jobkorea.co.kr/Recruit/GI_Read/34798430?Oem_Code=C1&logpath=1,의료기기 영상분야 AI 연구 개발 및 플랫폼 관리기획 정규직 채용,경력3년↑,학력무관,경기 김포시,~08/18(수)
https://www.jobkorea.co.kr/Recruit/GI_Read/34798390?Oem_Code=C1&logpath=1,의료기기 영상분야 AI솔루션 연구 개발 및 플랫폼 개발자 정규직 채용,경력3년↑,학력무관,경기 김포시,~08/18(수)
https://www.jobkorea.co.kr/Recruit/GI_Read/34796730?Oem_Code=C1&logpath=1,무역사무원 (영어) 모집,경력2년↑,대졸↑,서울 송파구,~08/18(수)
https://www.jobkorea.co.kr/Recruit/GI_Read/34812129?Oem_Code=C1&logpath=1,,경력,학력무관,,~05/31(월)
https://www.jobkorea.co.kr/Recruit/GI_Read/34775379?Oem_Code=C1&logpath=1,,경력,학력무관,,상시채용
https://www.jobkorea.co.kr/Recruit/GI_Read/34834600?Oem_Code=C1&logpath=1,,신입·경력,대졸↑,,~06/07(월)
https://www.jobkorea.co.kr/Recruit/GI_Read/34825257?Oem_Code=C1&logpath=1,,신입·경력,초대졸↑,,~06/06(일)
https://www.jobkorea.co.kr/Recruit/GI_Read/34725155?Oem_Code=C1&logpath=1,,신입·경력,학력무관,,~06/25(금)
https://www.jobkorea.co.kr/Recruit/GI_Read/34831303?Oem_Code=C1&logpath=1,,경력,학력무관,,~06/06(일)
https://www.jobkorea.co.kr/Recruit/GI_Read/34830463?Oem_Code=C1&logpath=1,,신입·경력,학력무관,,상시채용
https://www.jobkorea.co.kr/Recruit/GI_Read/34815307?Oem_Code=C1&logpath=1,,신입·경력,학력무관,,~06/06(일)
https://www.jobkorea.co.kr/Recruit/GI_Read/34767354?Oem_Code=C1&logpath=1,,신입,대졸↑,,~06/02(수)
https://www.jobkorea.co.kr/Recruit/GI_Read/34814949?Oem_Code=C1&logpath=1,,신입·경력,학력무관,,~08/19(목)
https://www.jobkorea.co.kr/Recruit/GI_Read/34796061?Oem_Code=C1&logpath=1,"개발자 신입/경력(JAVA기반/ SI수행/SM), RPA전문가 모집",경력2년↑,대졸↑,서울 영등포구,~08/18(수)
https://www.jobkorea.co.kr/Recruit/GI_Read/34788819?Oem_Code=C1&logpath=1,케어링코리아 KERING HR Assistant 채용,경력2년↑,대졸↑,서울 강남구,~06/17(목)
https://www.jobkorea.co.kr/Recruit/GI_Read/34788666?Oem_Code=C1&logpath=1,(주) 머지리티 머신러닝 개발자 모집,경력무관,학력무관,서울 강남구,~06/17(목)
https://www.jobkorea.co.kr/Recruit/GI_Read/34788582?Oem_Code=C1&logpath=1,"(주) 머지리티 우수인재 모집(이미지프로세싱,백엔드,UI/UX등)",경력무관,학력무관,서울 강남구,~06/17(목)
https://www.jobkorea.co.kr/Recruit/GI_Read/34787798?Oem_Code=C1&logpath=1,(주)윕스 [서비스개발부] AI 응용기술 개발자 정규직 (신입/경력) 모집,신입·경력3년↑,대졸↑,서울 마포구,~05/31(월)
https://www.jobkorea.co.kr/Recruit/GI_Read/34787230?Oem_Code=C1&logpath=1,[한국벡크만쿨터 라이프사이언스 사업부] Field Service Engineer경력직 채용,경력3년↑,대졸↑,서울 강남구,~06/17(목)
https://www.jobkorea.co.kr/Recruit/GI_Read/34786820?Oem_Code=C1&logpath=1,[미국 시민권/영주권자] 프로메트릭코리아 Test Center Administrator 채용,경력무관,학력무관,서울 강남구 외,~05/31(월)
https://www.jobkorea.co.kr/Recruit/GI_Read/34785149?Oem_Code=C1&logpath=1,[외국계회사] National Sales Manager 채용 공고,경력6년↑,대졸↑,서울 영등포구,~06/17(목)
https://www.jobkorea.co.kr/Recruit/GI_Read/34780942?Oem_Code=C1&logpath=1,[Baxter Korea] Technical Service Engineer(의료기기 설치 및 유지 보수),신입·경력2년↑,대졸↑,경기 과천시,~06/01(화)
https://www.jobkorea.co.kr/Recruit/GI_Read/34780699?Oem_Code=C1&logpath=1,Firmware / Hardware 연구원,경력5년↑,대졸↑,경기 안양시,~08/16(월)
https://www.jobkorea.co.kr/Recruit/GI_Read/34775945?Oem_Code=C1&logpath=1,Desinger,경력4년↑,대졸↑,서울 강남구,~07/16(금)
https://www.jobkorea.co.kr/Recruit/GI_Read/34766527?Oem_Code=C1&logpath=1,[외국계기업] 연구소 소프트웨어 엔지니어(Software Engineer) 채용,경력5년↑,학력무관,경기 수원시 외,~08/15(일)
https://www.jobkorea.co.kr/Recruit/GI_Read/34760015?Oem_Code=C1&logpath=1,AR Engine 개발자 채용,경력5년↑,학력무관,서울 서초구,~06/30(수)
https://www.jobkorea.co.kr/Recruit/GI_Read/34751047?Oem_Code=C1&logpath=1,[VFSKOREA] 비자지원센터(서울) Submission officer 채용,경력무관,초대졸↑,서울 중구,~08/12(목)
https://www.jobkorea.co.kr/Recruit/GI_Read/34739855?Oem_Code=C1&logpath=1,[SK케미칼] 21년 2분기 청주공장 QA/QC팀 신입/경력 채용,경력무관,대졸↑,충북 청주시 외,~08/12(목)
https://www.jobkorea.co.kr/Recruit/GI_Read/34742656?Oem_Code=C1&logpath=1,(주)포이엔 소프트웨어 개발자 채용,신입·경력,학력무관,서울 성동구,~06/12(토)
https://www.jobkorea.co.kr/Recruit/GI_Read/34742267?Oem_Code=C1&logpath=1,"[Boston Scientific Korea] Professional Sales Rep.,PI",경력1년↑,대졸↑,서울 강남구,~06/12(토)
https://www.jobkorea.co.kr/Recruit/GI_Read/34740957?Oem_Code=C1&logpath=1,Software계발자 모집,경력3년↑,대졸↑,경기 화성시,~08/11(수)
https://www.jobkorea.co.kr/Recruit/GI_Read/34740547?Oem_Code=C1&logpath=1,Associate Consultant (Career Development Program),경력무관,대졸↑,서울 강남구,~08/11(수)
https://www.jobkorea.co.kr/Recruit/GI_Read/34739390?Oem_Code=C1&logpath=1,에이아이바에서 능력있는 경력직 직원을 찾습니다.(웹/서버/알고리즘/컴퓨터비젼/모바일앱/3D아트웍),경력3년↑,대졸↑,서울 마포구,~08/11(수)
https://www.jobkorea.co.kr/Recruit/GI_Read/34834306?Oem_Code=C1&logpath=1,,신입·경력,학력무관,,~05/31(월)
https://www.jobkorea.co.kr/Recruit/GI_Read/34726727?Oem_Code=C1&logpath=1,,경력,학력무관,,~05/31(월)
https://www.jobkorea.co.kr/Recruit/GI_Read/34809630?Oem_Code=C1&logpath=1,,신입·경력,고졸↑,,~05/31(월)
https://www.jobkorea.co.kr/Recruit/GI_Read/34528933?Oem_Code=C1&logpath=1,,경력무관,학력무관,,상시채용
https://www.jobkorea.co.kr/Recruit/GI_Read/34777992?Oem_Code=C1&logpath=1,,신입·경력,학력무관,,~05/31(월)
https://www.jobkorea.co.kr/Recruit/GI_Read/34830463?Oem_Code=C1&logpath=1,,신입·경력,학력무관,,상시채용
https://www.jobkorea.co.kr/Recruit/GI_Read/34802144?Oem_Code=C1&logpath=1,,경력,학력무관,,~05/31(월)
https://www.jobkorea.co.kr/Recruit/GI_Read/34717808?Oem_Code=C1&logpath=1,,신입·경력,학력무관,,~05/31(월)
https://www.jobkorea.co.kr/Recruit/GI_Read/34802401?Oem_Code=C1&logpath=1,,경력,초대졸↑,,상시채용
https://www.jobkorea.co.kr/Recruit/GI_Read/34764262?Oem_Code=C1&logpath=1,,신입,대졸↑,,~05/31(월)
https://www.jobkorea.co.kr/Recruit/GI_Read/34733006?Oem_Code=C1&logpath=1,"CAD, 사무보조 사원(공정설계팀) 모집 공고",경력무관,고졸↑,서울 종로구,~06/04(금)
https://www.jobkorea.co.kr/Recruit/GI_Read/34731275?Oem_Code=C1&logpath=1,[NFL] 신발디자이너 경력직 채용,경력8년↑,초대졸↑,서울 금천구,~06/11(금)
https://www.jobkorea.co.kr/Recruit/GI_Read/34729367?Oem_Code=C1&logpath=1,English Technical Translator / Writer / Reviewer,신입·경력1년↑,대졸↑,경기 용인시,~06/30(수)
https://www.jobkorea.co.kr/Recruit/GI_Read/34721402?Oem_Code=C1&logpath=1,Finance & HR & Admin Assistant,경력4년↑,초대졸↑,경기 수원시,~08/10(화)
https://www.jobkorea.co.kr/Recruit/GI_Read/34716530?Oem_Code=C1&logpath=1,"2021 여름 SAT, AP 강사 분야별 모집 (영어강의)",경력무관,대졸↑,서울 강남구,~08/09(월)
https://www.jobkorea.co.kr/Recruit/GI_Read/34707116?Oem_Code=C1&logpath=1,언리얼 개발자 채용,신입·경력1년↑,학력무관,경기 고양시,~06/09(수)
https://www.jobkorea.co.kr/Recruit/GI_Read/34704328?Oem_Code=C1&logpath=1,[증강현실] 메타버스 플랫폼 Site Reliability Engineer,경력3년↑,학력무관,서울 강남구,~08/08(일)
https://www.jobkorea.co.kr/Recruit/GI_Read/34701434?Oem_Code=C1&logpath=1,Product Development Executive 모집,경력3년↑,대졸↑,서울 전지역,~06/09(수)
https://www.jobkorea.co.kr/Recruit/GI_Read/34692838?Oem_Code=C1&logpath=1,"(주)골든플래닛(GoldenPlanet) 웹 개발,시스템 개발,구글 마케팅플랫폼(구글애널리틱스)개발 엔지니어,마케팅클라우드 컨설턴트(디지털마케팅 유경험자) 채용(신입/경력)",신입·경력,학력무관,서울 강남구,~05/31(월)
https://www.jobkorea.co.kr/Recruit/GI_Read/34688771?Oem_Code=C1&logpath=1,Node JS 개발자,경력2년↑,대졸↑,경기 성남시,~08/06(금)
https://www.jobkorea.co.kr/Recruit/GI_Read/34683821?Oem_Code=C1&logpath=1,Software Engineer,경력5년↑,대졸↑,경기 성남시,~06/06(일)
https://www.jobkorea.co.kr/Recruit/GI_Read/34683780?Oem_Code=C1&logpath=1,변리사 (US Patent Agent / Patent Attorney),경력5년↑,대졸↑,경기 성남시,~08/05(목)
https://www.jobkorea.co.kr/Recruit/GI_Read/34674287?Oem_Code=C1&logpath=1,[LF Logistics] 물류운영 IT 담당자 (사원.대리급),신입·경력1년↑,학력무관,서울 강남구,~07/05(월)
https://www.jobkorea.co.kr/Recruit/GI_Read/34650244?Oem_Code=C1&logpath=1,[SSD/RAM/SMT삼성 1차/아산신창/반도체 사원모집[상여 400/동반/가불/통근/기숙사가능],경력무관,학력무관,충남 아산시 외,~08/02(월)
https://www.jobkorea.co.kr/Recruit/GI_Read/34658579?Oem_Code=C1&logpath=1,[SDI MEDIA KOREA] 영/한 영상번역/자막 번역 프리랜서 모집,경력무관,학력무관,서울 마포구,상시채용
https://www.jobkorea.co.kr/Recruit/GI_Read/34657410?Oem_Code=C1&logpath=1,Sales Engineer - Korea,경력3년↑,학력무관,서울 구로구,~08/02(월)
https://www.jobkorea.co.kr/Recruit/GI_Read/34655572?Oem_Code=C1&logpath=1,"Training Specialist, iTero",경력2년↑,대졸↑,서울 강남구,~06/04(금)
https://www.jobkorea.co.kr/Recruit/GI_Read/34655300?Oem_Code=C1&logpath=1,콜센터(컨텍센터) QA/교육 경력자 채용,경력3년↑,초대졸↑,서울 영등포구,~08/02(월)
https://www.jobkorea.co.kr/Recruit/GI_Read/34650643?Oem_Code=C1&logpath=1,Technical Director 채용,경력15년↑,대졸↑,경기 고양시,상시채용
https://www.jobkorea.co.kr/Recruit/GI_Read/34650243?Oem_Code=C1&logpath=1,[한국폴] Saels Engineer 계약직(부산/경남),경력3년↑,대졸↑,서울 강남구 외,~06/03(목)
https://www.jobkorea.co.kr/Recruit/GI_Read/34818349?Oem_Code=C1&logpath=1,,신입·경력,학력무관,,~05/31(월)
https://www.jobkorea.co.kr/Recruit/GI_Read/34231403?Oem_Code=C1&logpath=1,,신입·경력,학력무관,,~09/22(수)
https://www.jobkorea.co.kr/Recruit/GI_Read/34503535?Oem_Code=C1&logpath=1,,신입·경력,대졸↑,,~06/22(화)
https://www.jobkorea.co.kr/Recruit/GI_Read/34818385?Oem_Code=C1&logpath=1,,신입·경력,학력무관,,~05/31(월)
https://www.jobkorea.co.kr/Recruit/GI_Read/34775379?Oem_Code=C1&logpath=1,,경력,학력무관,,상시채용
https://www.jobkorea.co.kr/Recruit/GI_Read/34826791?Oem_Code=C1&logpath=1,,신입·경력,학력무관,,~05/31(월)
https://www.jobkorea.co.kr/Recruit/GI_Read/34781293?Oem_Code=C1&logpath=1,,신입·경력,학력무관,,~05/31(월)
https://www.jobkorea.co.kr/Recruit/GI_Read/34837197?Oem_Code=C1&logpath=1,,신입·경력,학력무관,,~06/08(화)
https://www.jobkorea.co.kr/Recruit/GI_Read/34801137?Oem_Code=C1&logpath=1,,신입·경력,대졸↑,,~06/02(수)
https://www.jobkorea.co.kr/Recruit/GI_Read/34836708?Oem_Code=C1&logpath=1,,경력무관,학